original_path,output_path,articleurl,status
china-cultural-infographic.html,china-cultural-infographic.html,yes,merged
china-cultural-tour.html,china-cultural-tour.html,yes,merged
china-historical-cities-info.html,china-historical-cities-info.html,yes,merged
china-historical-cities.html,index.html,yes,merged
china-natural-wonders-info.html,china-natural-wonders-info.html,yes,merged
china-natural-wonders.html,china-natural-wonders.html,yes,merged
china-unesco-sites.html,china-unesco-sites.html,yes,merged
china-unique-guide-info.html,china-unique-guide-info.html,yes,merged
china-unique-travel-experience.html,china-unique-travel-experience.html,yes,merged
great-wall-of-china-info.html,great-wall-of-china-info.html,yes,merged
great-wall-of-china.html,great-wall-of-china.html,yes,merged
